{"1":{"id":"1","name":"User1","username":"username_1","posts":[{"id":"11","title":"User 1 Post 1","likes":1,"comments":1},{"id":"12","title":"User 1 Post 2","likes":2,"comments":2},{"id":"13","title":"User 1 Post 3","likes":3,"comments":3},{"id":"14","title":"User 1 Post 4","likes":4,"comments":4},{"id":"15","title":"User 1 Post 5","likes":5,"comments":5},{"id":"16","title":"User 1 Post 6","likes":6,"comments":6},{"id":"17","title":"User 1 Post 7","likes":7,"comments":7},{"id":"18","title":"User 1 Post 8","likes":8,"comments":8},{"id":"19","title":"User 1 Post 9","likes":9,"comments":9},{"id":"110","title":"User 1 Post 10","likes":10,"comments":10}]},"2":{"id":"2","name":"User2","username":"username_2","posts":[{"id":"21","title":"User 2 Post 1","likes":2,"comments":2},{"id":"22","title":"User 2 Post 2","likes":4,"comments":4},{"id":"23","title":"User 2 Post 3","likes":6,"comments":6},{"id":"24","title":"User 2 Post 4","likes":8,"comments":8},{"id":"25","title":"User 2 Post 5","likes":10,"comments":10},{"id":"26","title":"User 2 Post 6","likes":12,"comments":12},{"id":"27","title":"User 2 Post 7","likes":14,"comments":14},{"id":"28","title":"User 2 Post 8","likes":16,"comments":16},{"id":"29","title":"User 2 Post 9","likes":18,"comments":18},{"id":"210","title":"User 2 Post 10","likes":20,"comments":20}]},"3":{"id":"3","name":"User3","username":"username_3","posts":[{"id":"31","title":"User 3 Post 1","likes":3,"comments":3},{"id":"32","title":"User 3 Post 2","likes":6,"comments":6},{"id":"33","title":"User 3 Post 3","likes":9,"comments":9},{"id":"34","title":"User 3 Post 4","likes":12,"comments":12},{"id":"35","title":"User 3 Post 5","likes":15,"comments":15},{"id":"36","title":"User 3 Post 6","likes":18,"comments":18},{"id":"37","title":"User 3 Post 7","likes":21,"comments":21},{"id":"38","title":"User 3 Post 8","likes":24,"comments":24},{"id":"39","title":"User 3 Post 9","likes":27,"comments":27},{"id":"310","title":"User 3 Post 10","likes":30,"comments":30}]},"4":{"id":"4","name":"User4","username":"username_4","posts":[{"id":"41","title":"User 4 Post 1","likes":4,"comments":4},{"id":"42","title":"User 4 Post 2","likes":8,"comments":8},{"id":"43","title":"User 4 Post 3","likes":12,"comments":12},{"id":"44","title":"User 4 Post 4","likes":16,"comments":16},{"id":"45","title":"User 4 Post 5","likes":20,"comments":20},{"id":"46","title":"User 4 Post 6","likes":24,"comments":24},{"id":"47","title":"User 4 Post 7","likes":28,"comments":28},{"id":"48","title":"User 4 Post 8","likes":32,"comments":32},{"id":"49","title":"User 4 Post 9","likes":36,"comments":36},{"id":"410","title":"User 4 Post 10","likes":40,"comments":40}]},"5":{"id":"5","name":"User5","username":"username_5","posts":[{"id":"51","title":"User 5 Post 1","likes":5,"comments":5},{"id":"52","title":"User 5 Post 2","likes":10,"comments":10},{"id":"53","title":"User 5 Post 3","likes":15,"comments":15},{"id":"54","title":"User 5 Post 4","likes":20,"comments":20},{"id":"55","title":"User 5 Post 5","likes":25,"comments":25},{"id":"56","title":"User 5 Post 6","likes":30,"comments":30},{"id":"57","title":"User 5 Post 7","likes":35,"comments":35},{"id":"58","title":"User 5 Post 8","likes":40,"comments":40},{"id":"59","title":"User 5 Post 9","likes":45,"comments":45},{"id":"510","title":"User 5 Post 10","likes":50,"comments":50}]}}